Date,Closing_Price,Opening_Price,Percentage_Change
05 Nov 2024,2915.55,2897.40,0.63%
04 Nov 2024,2897.40,2935.00,-1.77%
01 Nov 2024,2949.50,2960.00,0.08%
31 Oct 2024,2947.25,2967.90,-0.74%
30 Oct 2024,2969.30,2864.00,4.24%
29 Oct 2024,2848.60,2803.00,1.78%
28 Oct 2024,2798.65,2701.10,3.91%
25 Oct 2024,2693.45,2845.00,-4.83%
24 Oct 2024,2830.20,2841.05,-0.19%
23 Oct 2024,2835.55,2840.85,0.42%
22 Oct 2024,2823.80,2938.00,-3.88%
21 Oct 2024,2937.65,3005.15,-2.14%
18 Oct 2024,3002.00,2990.00,-0.39%
17 Oct 2024,3013.75,3089.95,-2.34%
16 Oct 2024,3085.90,3098.00,-0.61%
15 Oct 2024,3104.70,3124.00,0.12%
14 Oct 2024,3101.10,3145.00,-1.15%
11 Oct 2024,3137.20,3174.20,-1.17%
10 Oct 2024,3174.20,3140.00,0.65%
09 Oct 2024,3153.75,3175.00,-0.22%
08 Oct 2024,3160.70,3018.50,4.73%
07 Oct 2024,3018.00,3110.65,-2.98%
04 Oct 2024,3110.65,3119.90,-0.17%
03 Oct 2024,3116.00,3150.00,-2.20%
01 Oct 2024,3186.10,3136.30,1.60%
30 Sep 2024,3135.85,3129.00,0.18%
27 Sep 2024,3130.30,3122.00,0.24%
26 Sep 2024,3122.65,3085.00,0.57%
25 Sep 2024,3105.10,3108.00,0.36%
24 Sep 2024,3093.90,3055.00,1.64%
23 Sep 2024,3043.95,3020.00,1.18%
20 Sep 2024,3008.50,2948.15,2.22%
19 Sep 2024,2943.15,2975.05,-0.44%
18 Sep 2024,2956.30,2976.00,-0.64%
17 Sep 2024,2975.20,2990.05,-0.32%
16 Sep 2024,2984.90,2972.00,0.56%
13 Sep 2024,2968.35,2972.00,-0.76%
12 Sep 2024,2991.00,2950.00,1.81%
11 Sep 2024,2937.85,2985.00,-1.63%
10 Sep 2024,2986.40,2971.60,0.75%
09 Sep 2024,2964.15,2972.10,-0.38%
06 Sep 2024,2975.45,3019.00,-1.32%
05 Sep 2024,3015.35,3025.00,0.10%
04 Sep 2024,3012.35,3010.00,-0.78%
03 Sep 2024,3036.10,3037.00,-0.20%
02 Sep 2024,3042.15,3021.10,0.76%
30 Aug 2024,3019.35,3030.00,-0.03%
29 Aug 2024,3020.15,3030.00,-0.26%
28 Aug 2024,3028.00,3078.00,-1.27%
27 Aug 2024,3067.10,3072.20,-0.06%
26 Aug 2024,3069.00,3088.00,-0.24%
23 Aug 2024,3076.35,3101.00,-0.73%
22 Aug 2024,3099.05,3130.75,-0.53%
21 Aug 2024,3115.70,3070.65,1.47%
20 Aug 2024,3070.65,3118.95,-1.03%
19 Aug 2024,3102.55,3122.05,-0.20%
16 Aug 2024,3108.80,3070.00,2.26%
14 Aug 2024,3040.10,3085.70,-1.68%
13 Aug 2024,3092.20,3170.05,-1.89%
12 Aug 2024,3151.75,3100.00,-1.12%
09 Aug 2024,3187.55,3209.00,0.63%
08 Aug 2024,3167.55,3190.55,-0.58%
07 Aug 2024,3185.95,3118.00,3.69%
06 Aug 2024,3072.70,3084.00,1.14%
05 Aug 2024,3038.20,3085.00,-3.88%
02 Aug 2024,3160.90,3200.00,-1.75%
01 Aug 2024,3217.25,3180.00,1.51%
31 Jul 2024,3169.40,3141.00,1.30%
30 Jul 2024,3128.75,3092.00,1.28%
29 Jul 2024,3089.35,3094.30,0.29%
26 Jul 2024,3080.50,2995.00,3.60%
25 Jul 2024,2973.50,2960.70,0.09%
24 Jul 2024,2970.70,2995.35,-0.82%
23 Jul 2024,2995.35,3020.00,-0.18%
22 Jul 2024,3000.85,3005.70,-0.16%
19 Jul 2024,3005.70,3092.00,-2.80%
18 Jul 2024,3092.20,3106.00,-0.55%
16 Jul 2024,3109.30,3110.00,0.61%
15 Jul 2024,3090.40,3066.10,0.81%
12 Jul 2024,3065.45,3090.00,-0.42%
11 Jul 2024,3078.30,3118.70,-0.57%
10 Jul 2024,3096.00,3120.10,-0.47%
09 Jul 2024,3110.75,3115.95,-0.09%
08 Jul 2024,3113.60,3147.90,-1.09%
05 Jul 2024,3147.90,3143.90,0.12%
04 Jul 2024,3144.25,3192.00,-1.46%
03 Jul 2024,3190.95,3158.00,1.20%
02 Jul 2024,3153.20,3179.85,-0.96%
01 Jul 2024,3183.80,3179.95,0.21%
28 Jun 2024,3177.15,3190.00,0.06%
27 Jun 2024,3175.15,3177.00,0.15%
26 Jun 2024,3170.50,3169.05,-0.02%
25 Jun 2024,3171.10,3204.75,-0.74%
24 Jun 2024,3194.60,3185.75,0.17%
21 Jun 2024,3189.30,3265.05,-2.15%
20 Jun 2024,3259.45,3263.90,-0.08%
19 Jun 2024,3261.90,3314.00,-1.42%
18 Jun 2024,3309.05,3310.00,1.45%
14 Jun 2024,3261.75,3225.00,1.15%
13 Jun 2024,3224.80,3230.00,0.18%
12 Jun 2024,3219.05,3224.90,-0.07%
11 Jun 2024,3221.25,3224.00,0.04%
10 Jun 2024,3220.10,3267.00,0.02%
07 Jun 2024,3219.55,3170.40,1.06%
06 Jun 2024,3185.65,3184.00,2.26%
05 Jun 2024,3115.35,3030.00,5.92%
04 Jun 2024,2941.25,3520.00,-19.31%
03 Jun 2024,3645.25,3725.00,6.86%
31 May 2024,3411.35,3225.25,6.80%
30 May 2024,3194.25,3254.00,-1.98%
29 May 2024,3258.80,3250.00,0.45%
28 May 2024,3244.05,3309.65,-1.37%
27 May 2024,3289.05,3358.00,-2.83%
24 May 2024,3384.95,3406.00,-0.07%
23 May 2024,3387.30,3156.70,7.84%
22 May 2024,3140.95,3129.95,0.75%
21 May 2024,3117.50,3067.90,1.89%
18 May 2024,3059.75,3074.00,-0.02%
17 May 2024,3060.50,3041.05,0.62%
16 May 2024,3041.65,3065.00,-0.27%
15 May 2024,3049.75,3046.75,0.40%
14 May 2024,3037.55,2894.95,5.49%
13 May 2024,2879.60,2803.00,2.94%
10 May 2024,2797.25,2794.95,1.11%
09 May 2024,2766.65,2864.80,-3.28%
08 May 2024,2860.55,2850.00,0.87%
07 May 2024,2835.95,2889.95,-1.35%
06 May 2024,2874.65,2993.25,-3.96%
03 May 2024,2993.25,3030.00,-1.52%
02 May 2024,3039.60,3071.95,-0.49%
30 Apr 2024,3054.70,3094.00,-0.86%
29 Apr 2024,3081.20,3110.00,0.03%
26 Apr 2024,3080.40,3119.90,-1.12%
25 Apr 2024,3115.25,3050.00,2.36%
24 Apr 2024,3043.55,3071.95,-0.70%
23 Apr 2024,3065.10,3059.00,0.06%
22 Apr 2024,3063.35,3053.00,1.20%
19 Apr 2024,3026.95,3000.00,0.25%
18 Apr 2024,3019.30,3125.15,-2.80%
16 Apr 2024,3106.40,3101.00,-1.30%
15 Apr 2024,3147.45,3150.00,-1.95%
12 Apr 2024,3209.90,3210.00,-0.99%
10 Apr 2024,3242.00,3200.00,1.36%
09 Apr 2024,3198.45,3240.70,-0.81%
08 Apr 2024,3224.55,3240.95,-0.01%
05 Apr 2024,3224.80,3211.10,0.44%
04 Apr 2024,3210.80,3250.00,-0.70%
03 Apr 2024,3233.45,3250.00,-1.08%
02 Apr 2024,3268.75,3258.95,0.51%
01 Apr 2024,3252.10,3230.20,1.72%
28 Mar 2024,3197.10,3134.00,2.40%
27 Mar 2024,3122.10,3115.00,0.39%
26 Mar 2024,3109.95,3100.50,0.07%
22 Mar 2024,3107.70,3066.55,1.34%
21 Mar 2024,3066.50,3089.55,0.49%
20 Mar 2024,3051.45,3075.00,-0.04%
19 Mar 2024,3052.70,3126.00,-1.90%
18 Mar 2024,3111.75,3050.10,-0.65%
15 Mar 2024,3132.20,3111.00,1.45%
14 Mar 2024,3087.45,2927.45,6.24%
13 Mar 2024,2906.20,3125.00,-6.93%
12 Mar 2024,3122.50,3207.35,-2.65%
11 Mar 2024,3207.35,3241.20,-0.60%
07 Mar 2024,3226.55,3240.00,-0.23%
06 Mar 2024,3233.95,3323.00,-2.30%
05 Mar 2024,3310.20,3325.30,-0.21%
04 Mar 2024,3317.15,3335.00,-0.48%
02 Mar 2024,3333.25,3332.00,0.44%
01 Mar 2024,3318.75,3309.85,1.02%
29 Feb 2024,3285.40,3220.05,2.06%
28 Feb 2024,3219.00,3309.20,-2.52%
27 Feb 2024,3302.30,3339.00,-0.76%
26 Feb 2024,3327.75,3272.00,1.66%
23 Feb 2024,3273.30,3263.05,0.31%
22 Feb 2024,3263.05,3239.00,1.24%
21 Feb 2024,3223.20,3238.00,-0.17%
20 Feb 2024,3228.60,3267.00,-0.93%
19 Feb 2024,3258.80,3240.00,1.09%
16 Feb 2024,3223.60,3214.00,0.93%
15 Feb 2024,3193.80,3219.85,-0.42%
14 Feb 2024,3207.20,3184.00,0.90%
13 Feb 2024,3178.45,3180.00,0.27%
12 Feb 2024,3169.75,3229.00,-1.41%
09 Feb 2024,3215.20,3184.45,1.47%
08 Feb 2024,3168.60,3245.60,-1.90%
07 Feb 2024,3229.85,3220.05,0.81%
06 Feb 2024,3203.75,3183.90,0.95%
05 Feb 2024,3173.45,3170.00,0.51%
02 Feb 2024,3157.45,3184.95,0.13%
01 Feb 2024,3153.50,3156.90,0.37%
31 Jan 2024,3142.00,3092.75,1.65%
30 Jan 2024,3091.10,3081.00,0.86%
29 Jan 2024,3064.65,2929.00,5.91%
25 Jan 2024,2893.60,2903.45,-0.34%
24 Jan 2024,2903.45,2901.00,0.24%
23 Jan 2024,2896.55,3014.95,-3.06%
20 Jan 2024,2987.90,2930.00,2.48%
19 Jan 2024,2915.65,2945.35,-0.11%
18 Jan 2024,2918.90,2975.55,-1.76%
17 Jan 2024,2971.05,3033.00,-2.80%
16 Jan 2024,3056.50,3095.00,-1.07%
15 Jan 2024,3089.50,3127.00,-0.47%
12 Jan 2024,3104.10,3096.35,0.75%
11 Jan 2024,3080.90,3120.00,-0.56%
10 Jan 2024,3098.20,3024.00,2.77%
09 Jan 2024,3014.60,2990.70,1.72%
08 Jan 2024,2963.50,3020.00,-1.43%
05 Jan 2024,3006.60,3009.95,0.28%
04 Jan 2024,2998.30,3039.40,-0.16%
03 Jan 2024,3003.00,3047.00,2.41%
02 Jan 2024,2932.40,2922.00,0.52%
01 Jan 2024,2917.20,2852.30,2.40%
29 Dec 2023,2848.95,2823.90,1.39%
28 Dec 2023,2809.90,2855.00,-1.18%
27 Dec 2023,2843.35,2880.70,-0.77%
26 Dec 2023,2865.45,2817.00,2.03%
22 Dec 2023,2808.35,2815.95,0.31%
21 Dec 2023,2799.75,2750.00,0.57%
20 Dec 2023,2783.85,2946.00,-5.35%
19 Dec 2023,2941.25,2988.80,-1.32%
18 Dec 2023,2980.60,2993.95,-0.37%
15 Dec 2023,2991.80,2912.05,3.38%
14 Dec 2023,2894.05,2900.95,0.66%
13 Dec 2023,2875.05,2860.00,0.61%
12 Dec 2023,2857.65,2869.10,0.06%
11 Dec 2023,2855.80,2837.05,1.19%
08 Dec 2023,2822.15,2902.70,-2.25%
07 Dec 2023,2887.15,2900.00,0.11%
06 Dec 2023,2883.95,3080.00,-2.55%
05 Dec 2023,2959.35,2531.20,16.91%
04 Dec 2023,2531.20,2549.95,7.13%
01 Dec 2023,2362.70,2370.00,0.18%
30 Nov 2023,2358.55,2400.05,-1.59%
29 Nov 2023,2396.60,2468.70,-1.11%
28 Nov 2023,2423.50,2301.00,8.90%
24 Nov 2023,2225.45,2179.00,2.31%
23 Nov 2023,2175.25,2190.00,0.12%
22 Nov 2023,2172.65,2205.15,-1.09%
21 Nov 2023,2196.65,2160.00,2.18%
20 Nov 2023,2149.85,2211.00,-2.67%
17 Nov 2023,2208.80,2205.90,0.13%
16 Nov 2023,2205.90,2226.00,-0.88%
15 Nov 2023,2225.40,2240.00,0.53%
13 Nov 2023,2213.65,2215.50,0.10%
12 Nov 2023,2211.35,2219.70,0.28%
10 Nov 2023,2205.10,2220.25,-0.43%
09 Nov 2023,2214.65,2269.00,-2.00%
08 Nov 2023,2259.95,2245.30,1.19%
07 Nov 2023,2233.35,2257.00,-0.56%
06 Nov 2023,2246.00,2253.95,0.72%
03 Nov 2023,2229.85,2215.30,0.66%
02 Nov 2023,2215.30,2247.00,-0.09%
01 Nov 2023,2217.30,2299.00,-3.37%
31 Oct 2023,2294.65,2320.00,-0.19%
30 Oct 2023,2299.10,2260.05,1.65%
27 Oct 2023,2261.70,2222.00,2.66%
26 Oct 2023,2203.20,2249.00,-2.38%
25 Oct 2023,2257.00,2320.00,-2.24%
23 Oct 2023,2308.65,2397.80,-3.56%
20 Oct 2023,2393.75,2398.05,-0.35%
19 Oct 2023,2402.20,2400.00,-0.17%
18 Oct 2023,2406.35,2440.00,-0.91%
17 Oct 2023,2428.40,2459.95,-0.04%
16 Oct 2023,2429.35,2454.55,-1.03%
13 Oct 2023,2454.55,2488.90,-2.07%
12 Oct 2023,2506.35,2499.90,0.71%
11 Oct 2023,2488.60,2533.90,-0.39%
10 Oct 2023,2498.30,2443.00,2.28%
09 Oct 2023,2442.60,2440.00,-1.43%
06 Oct 2023,2478.10,2466.35,0.48%
05 Oct 2023,2466.35,2477.95,0.06%
04 Oct 2023,2464.95,2402.20,3.25%
03 Oct 2023,2387.25,2418.00,-1.10%
29 Sep 2023,2413.90,2462.05,-2.48%
28 Sep 2023,2475.25,2489.95,-0.32%
27 Sep 2023,2483.30,2460.00,1.03%
26 Sep 2023,2457.95,2491.00,-0.97%
25 Sep 2023,2482.10,2479.95,0.70%
22 Sep 2023,2464.90,2489.95,-0.58%
21 Sep 2023,2479.25,2479.80,0.36%
20 Sep 2023,2470.30,2502.40,-1.28%
18 Sep 2023,2502.45,2552.00,-1.48%
15 Sep 2023,2540.05,2519.80,0.80%
14 Sep 2023,2519.80,2541.85,0.04%
13 Sep 2023,2518.90,2545.70,-0.66%
12 Sep 2023,2535.70,2622.45,-3.03%
11 Sep 2023,2614.95,2565.00,3.80%
08 Sep 2023,2519.30,2513.80,0.39%
07 Sep 2023,2509.50,2498.00,0.52%
06 Sep 2023,2496.50,2494.05,0.10%
05 Sep 2023,2494.05,2482.00,0.95%
04 Sep 2023,2470.60,2454.00,0.84%
01 Sep 2023,2450.05,2381.00,1.27%
31 Aug 2023,2419.25,2449.95,-3.73%
30 Aug 2023,2513.10,2517.00,0.27%
29 Aug 2023,2506.45,2472.10,1.38%
28 Aug 2023,2472.45,2550.00,-0.93%
25 Aug 2023,2495.75,2549.00,-1.72%
24 Aug 2023,2539.55,2580.00,0.37%
23 Aug 2023,2530.30,2720.00,-6.22%
22 Aug 2023,2698.05,2668.85,2.21%
21 Aug 2023,2639.75,2588.00,2.42%
18 Aug 2023,2577.40,2477.50,3.94%
17 Aug 2023,2479.70,2454.95,1.42%
16 Aug 2023,2445.10,2450.00,-0.44%
14 Aug 2023,2456.00,2480.00,-3.29%
11 Aug 2023,2539.50,2550.05,-0.51%
10 Aug 2023,2552.40,2510.00,1.81%
09 Aug 2023,2507.10,2488.35,1.32%
08 Aug 2023,2474.55,2563.25,-2.98%
07 Aug 2023,2550.50,2550.95,0.34%
04 Aug 2023,2541.80,2545.30,0.36%
03 Aug 2023,2532.60,2469.90,2.39%
02 Aug 2023,2473.55,2493.00,-0.30%
01 Aug 2023,2481.10,2504.85,-0.45%
31 Jul 2023,2492.20,2477.00,1.18%
28 Jul 2023,2463.20,2437.00,1.43%
27 Jul 2023,2428.40,2470.75,-1.71%
26 Jul 2023,2470.75,2472.45,0.17%
25 Jul 2023,2466.65,2428.00,2.00%
24 Jul 2023,2418.20,2430.00,0.08%
21 Jul 2023,2416.30,2410.00,-0.14%
20 Jul 2023,2419.75,2428.95,-0.17%
19 Jul 2023,2423.75,2428.65,0.28%
18 Jul 2023,2416.90,2415.00,0.35%
17 Jul 2023,2408.55,2399.90,1.37%
14 Jul 2023,2376.10,2375.00,0.59%
13 Jul 2023,2362.05,2397.00,-1.08%
12 Jul 2023,2387.90,2429.90,-1.44%
11 Jul 2023,2422.90,2423.75,0.52%
10 Jul 2023,2410.25,2392.80,1.29%
07 Jul 2023,2379.60,2395.00,-0.97%
06 Jul 2023,2402.90,2399.15,0.16%
05 Jul 2023,2399.15,2391.00,0.48%
04 Jul 2023,2387.70,2397.00,0.09%
03 Jul 2023,2385.50,2405.00,-0.11%
30 Jun 2023,2388.05,2437.95,-0.58%
28 Jun 2023,2402.00,2300.00,5.15%
27 Jun 2023,2284.45,2328.95,-0.49%
26 Jun 2023,2295.60,2210.05,2.78%
23 Jun 2023,2233.55,2392.30,-6.83%
22 Jun 2023,2397.25,2425.10,-0.36%
21 Jun 2023,2405.95,2426.70,-0.37%
20 Jun 2023,2414.80,2435.00,0.56%
19 Jun 2023,2401.40,2504.00,-4.31%
16 Jun 2023,2509.60,2499.20,0.96%
15 Jun 2023,2485.65,2469.00,1.16%
14 Jun 2023,2457.15,2469.90,-0.22%
13 Jun 2023,2462.55,2499.00,-0.90%
12 Jun 2023,2484.80,2460.00,1.37%
09 Jun 2023,2451.15,2447.95,0.91%
08 Jun 2023,2429.15,2450.00,-0.43%
07 Jun 2023,2439.55,2453.00,0.24%
06 Jun 2023,2433.65,2475.00,-0.01%
05 Jun 2023,2433.95,2463.20,-0.45%
02 Jun 2023,2445.05,2535.00,-1.89%
01 Jun 2023,2492.15,2499.90,-0.05%
31 May 2023,2493.35,2482.00,-0.12%
30 May 2023,2496.45,2529.30,-1.48%
29 May 2023,2534.05,2570.00,-0.40%
26 May 2023,2544.35,2565.00,0.27%
25 May 2023,2537.45,2440.00,2.50%
24 May 2023,2475.60,2709.00,-6.00%
23 May 2023,2633.70,2410.90,13.22%
22 May 2023,2326.10,2010.00,18.92%
19 May 2023,1956.05,1888.00,3.49%
18 May 2023,1890.00,1910.05,-0.50%
17 May 2023,1899.50,1900.00,0.55%
16 May 2023,1889.15,1927.00,-1.40%
15 May 2023,1916.05,1959.90,-2.48%
12 May 2023,1964.70,2009.00,-1.01%
11 May 2023,1984.65,1925.00,4.89%
10 May 2023,1892.15,1899.00,-0.21%
09 May 2023,1896.10,1900.00,0.46%
08 May 2023,1887.50,1920.30,-1.71%
05 May 2023,1920.30,1954.80,0.47%
04 May 2023,1911.25,1839.05,3.93%
03 May 2023,1839.00,1919.00,-4.21%
02 May 2023,1919.85,1935.00,-0.26%
28 Apr 2023,1924.95,1868.05,3.88%
27 Apr 2023,1853.05,1848.00,0.28%
26 Apr 2023,1847.90,1854.00,0.18%
25 Apr 2023,1844.60,1806.00,2.37%
24 Apr 2023,1801.95,1804.00,-0.06%
21 Apr 2023,1803.00,1846.00,-2.17%
20 Apr 2023,1842.90,1855.00,-0.59%
19 Apr 2023,1853.85,1847.00,0.16%
18 Apr 2023,1850.95,1892.00,-1.48%
17 Apr 2023,1878.75,1870.75,0.43%
13 Apr 2023,1870.75,1855.00,1.27%
12 Apr 2023,1847.25,1814.00,2.45%
11 Apr 2023,1803.15,1810.00,0.33%
10 Apr 2023,1797.25,1774.00,2.46%
06 Apr 2023,1754.05,1705.00,3.30%
05 Apr 2023,1698.00,1717.45,-1.13%
03 Apr 2023,1717.45,1750.45,-1.89%
31 Mar 2023,1750.45,1788.00,0.58%
29 Mar 2023,1740.40,1602.95,8.72%
28 Mar 2023,1600.85,1727.95,-7.09%
27 Mar 2023,1723.05,1740.65,-1.01%
24 Mar 2023,1740.65,1796.00,-2.97%
23 Mar 2023,1794.00,1794.00,-1.18%
22 Mar 2023,1815.40,1834.00,-0.49%
21 Mar 2023,1824.25,1836.95,1.07%
20 Mar 2023,1804.95,1837.00,-3.82%
17 Mar 2023,1876.55,1901.00,1.78%
16 Mar 2023,1843.80,1861.00,0.26%
15 Mar 2023,1839.00,1760.90,5.80%
14 Mar 2023,1738.20,1874.00,-7.27%
13 Mar 2023,1874.40,1917.00,-1.15%
10 Mar 2023,1896.20,1870.00,-2.92%
09 Mar 2023,1953.15,2049.80,-4.24%
08 Mar 2023,2039.65,2040.00,2.86%
06 Mar 2023,1982.90,1966.70,5.50%
03 Mar 2023,1879.50,1688.85,16.94%
02 Mar 2023,1607.25,1499.90,2.75%
01 Mar 2023,1564.30,1424.00,14.70%
28 Feb 2023,1363.85,1145.00,14.27%
27 Feb 2023,1193.50,1300.00,-9.28%
24 Feb 2023,1315.65,1410.00,-4.85%
23 Feb 2023,1382.65,1380.00,-1.58%
22 Feb 2023,1404.85,1535.00,-10.58%
21 Feb 2023,1571.10,1626.00,-3.11%
20 Feb 2023,1621.45,1650.00,-5.88%
17 Feb 2023,1722.70,1800.00,-4.11%
16 Feb 2023,1796.60,1820.00,0.98%
15 Feb 2023,1779.10,1780.00,1.68%
14 Feb 2023,1749.70,1735.00,1.87%
13 Feb 2023,1717.65,1850.00,-7.00%
10 Feb 2023,1846.95,1769.00,-4.09%
09 Feb 2023,1925.70,2168.00,-11.02%
08 Feb 2023,2164.25,1869.85,20.04%
07 Feb 2023,1802.95,1571.00,14.64%
06 Feb 2023,1572.70,1575.00,-0.89%
03 Feb 2023,1586.80,1490.00,1.38%
02 Feb 2023,1565.25,2348.85,-26.70%
01 Feb 2023,2135.35,2995.00,-28.20%
31 Jan 2023,2973.90,2980.00,2.80%
30 Jan 2023,2892.85,2850.00,4.76%
27 Jan 2023,2761.45,3335.00,-18.52%
25 Jan 2023,3388.95,3422.00,-1.54%
24 Jan 2023,3442.00,3447.45,0.16%
23 Jan 2023,3436.35,3443.05,-0.57%
20 Jan 2023,3456.15,3450.00,-0.21%
19 Jan 2023,3463.55,3470.00,-3.70%
18 Jan 2023,3596.70,3648.00,-1.17%
17 Jan 2023,3639.35,3620.00,0.54%
16 Jan 2023,3619.80,3720.00,-2.72%
13 Jan 2023,3721.15,3651.20,2.03%
12 Jan 2023,3647.20,3642.50,0.31%
11 Jan 2023,3635.80,3660.00,-0.30%
10 Jan 2023,3646.90,3859.00,-5.41%
09 Jan 2023,3855.30,3843.00,0.81%
06 Jan 2023,3824.25,3829.00,-0.14%
05 Jan 2023,3829.80,3827.05,0.07%
04 Jan 2023,3827.05,3839.00,-0.10%
03 Jan 2023,3830.95,3841.90,-0.27%
02 Jan 2023,3841.20,3870.00,-0.44%
30 Dec 2022,3858.35,3829.70,1.25%
29 Dec 2022,3810.60,3790.00,0.34%
28 Dec 2022,3797.70,3756.05,0.74%
27 Dec 2022,3769.65,3732.45,1.42%
26 Dec 2022,3716.75,3653.00,2.05%
23 Dec 2022,3642.20,3822.00,-5.85%
22 Dec 2022,3868.55,3948.00,-0.86%
21 Dec 2022,3901.95,4175.00,-6.32%
20 Dec 2022,4165.30,4095.00,2.21%
19 Dec 2022,4075.30,3988.00,2.37%
16 Dec 2022,3980.80,4018.90,-1.56%
15 Dec 2022,4043.75,4055.80,-0.30%
14 Dec 2022,4055.80,4076.00,-0.11%
13 Dec 2022,4060.20,4027.80,1.08%
12 Dec 2022,4016.70,3997.00,0.50%
09 Dec 2022,3996.80,4044.00,-0.70%
08 Dec 2022,4025.00,4010.00,0.64%
07 Dec 2022,3999.30,4031.00,-0.81%
06 Dec 2022,4031.80,3920.00,2.58%
05 Dec 2022,3930.40,3928.90,0.20%
02 Dec 2022,3922.50,3905.00,0.19%
01 Dec 2022,3915.10,3937.50,-0.07%
30 Nov 2022,3917.90,3897.80,1.02%
29 Nov 2022,3878.40,3885.00,-0.20%
28 Nov 2022,3886.15,3899.40,-0.38%
25 Nov 2022,3901.10,3929.00,-0.51%
24 Nov 2022,3921.10,3910.00,0.46%
23 Nov 2022,3903.30,4050.00,-3.24%
22 Nov 2022,4034.00,4001.85,0.80%
21 Nov 2022,4001.85,4019.95,-0.45%
18 Nov 2022,4019.80,4028.35,0.04%
17 Nov 2022,4018.15,3970.00,1.56%
16 Nov 2022,3956.60,4057.30,-2.49%
15 Nov 2022,4057.80,4025.05,0.88%
14 Nov 2022,4022.55,3999.00,0.34%
11 Nov 2022,4008.85,4040.00,0.42%
10 Nov 2022,3992.25,3995.00,-0.12%
09 Nov 2022,3997.20,3977.00,0.92%
07 Nov 2022,3960.60,3852.45,3.32%
04 Nov 2022,3833.25,3642.00,6.76%
03 Nov 2022,3590.40,3550.00,0.27%
02 Nov 2022,3580.70,3580.00,0.14%
01 Nov 2022,3575.70,3361.90,6.82%
31 Oct 2022,3347.45,3339.95,0.73%
28 Oct 2022,3323.30,3322.00,-0.05%
27 Oct 2022,3325.00,3319.85,0.74%
25 Oct 2022,3300.50,3321.95,-0.28%
24 Oct 2022,3309.80,3325.00,-0.06%
21 Oct 2022,3311.90,3374.90,-1.35%
20 Oct 2022,3357.10,3260.00,2.44%
19 Oct 2022,3277.25,3300.00,-0.21%
18 Oct 2022,3284.30,3249.00,2.23%
17 Oct 2022,3212.60,3211.00,0.10%
14 Oct 2022,3209.50,3272.00,-0.75%
13 Oct 2022,3233.65,3218.00,0.31%
12 Oct 2022,3223.65,3297.00,-1.54%
11 Oct 2022,3273.95,3257.55,0.85%
10 Oct 2022,3246.25,3234.00,-0.96%
07 Oct 2022,3277.60,3280.00,-0.23%
06 Oct 2022,3285.00,3270.00,1.46%
04 Oct 2022,3237.70,3230.00,2.55%
03 Oct 2022,3157.30,3440.00,-8.64%
30 Sep 2022,3455.75,3447.95,-0.43%
29 Sep 2022,3470.70,3583.50,-2.20%
28 Sep 2022,3548.75,3528.00,-0.29%
27 Sep 2022,3559.10,3596.00,-0.76%
26 Sep 2022,3586.20,3646.30,-2.40%
23 Sep 2022,3674.30,3732.00,-1.13%
22 Sep 2022,3716.30,3639.00,2.09%
21 Sep 2022,3640.10,3837.65,-5.07%
20 Sep 2022,3834.55,3819.00,1.48%
19 Sep 2022,3778.65,3718.95,2.06%
16 Sep 2022,3702.20,3755.00,-1.24%
15 Sep 2022,3748.70,3590.00,4.94%
14 Sep 2022,3572.10,3518.00,0.46%
13 Sep 2022,3555.80,3478.00,2.66%
12 Sep 2022,3463.80,3465.00,0.37%
09 Sep 2022,3451.20,3479.00,-0.33%
08 Sep 2022,3462.80,3499.00,-0.32%
07 Sep 2022,3473.75,3435.80,1.10%
06 Sep 2022,3435.80,3370.00,2.67%
05 Sep 2022,3346.55,3374.10,-0.28%
02 Sep 2022,3355.80,3261.00,3.79%
01 Sep 2022,3233.25,3200.00,1.22%
30 Aug 2022,3194.35,3165.00,1.65%
29 Aug 2022,3142.60,3055.00,0.10%
26 Aug 2022,3139.55,3080.00,2.39%
25 Aug 2022,3066.35,3167.00,-2.18%
24 Aug 2022,3134.65,3038.00,3.43%
23 Aug 2022,3030.65,3032.65,-0.69%
22 Aug 2022,3051.60,3134.00,-2.51%
19 Aug 2022,3130.20,3178.00,-0.74%
18 Aug 2022,3153.65,3005.00,4.82%
17 Aug 2022,3008.65,2986.00,1.10%
16 Aug 2022,2975.85,2879.00,3.89%
12 Aug 2022,2864.55,2840.00,1.08%
11 Aug 2022,2834.05,2841.00,0.24%
10 Aug 2022,2827.20,2801.75,1.26%
08 Aug 2022,2791.90,2700.00,3.47%
05 Aug 2022,2698.40,2760.00,-0.93%
04 Aug 2022,2723.60,2725.00,0.45%
03 Aug 2022,2711.40,2685.00,1.03%
02 Aug 2022,2683.65,2660.00,0.88%
01 Aug 2022,2660.15,2575.85,3.54%
29 Jul 2022,2569.20,2565.00,0.74%
28 Jul 2022,2550.40,2559.90,0.07%
27 Jul 2022,2548.70,2560.00,-0.43%
26 Jul 2022,2559.70,2555.00,0.36%
25 Jul 2022,2550.60,2505.00,2.05%
22 Jul 2022,2499.40,2505.50,0.16%
21 Jul 2022,2495.50,2453.80,1.81%
20 Jul 2022,2451.10,2462.00,-0.01%
19 Jul 2022,2451.30,2406.95,1.14%
18 Jul 2022,2423.60,2424.00,0.76%
15 Jul 2022,2405.25,2414.50,0.93%
14 Jul 2022,2383.10,2365.00,1.26%
13 Jul 2022,2353.50,2373.50,-0.51%
12 Jul 2022,2365.65,2364.40,-0.32%
11 Jul 2022,2373.25,2293.05,3.50%
08 Jul 2022,2293.05,2286.00,0.82%
07 Jul 2022,2274.30,2280.00,0.06%
06 Jul 2022,2272.85,2245.00,1.18%
05 Jul 2022,2246.45,2264.00,-0.68%
04 Jul 2022,2261.85,2232.20,1.33%
01 Jul 2022,2232.20,2189.90,1.89%
30 Jun 2022,2190.90,2220.00,-1.32%
29 Jun 2022,2220.10,2185.00,0.70%
28 Jun 2022,2204.60,2170.00,1.05%
27 Jun 2022,2181.60,2189.00,0.93%
24 Jun 2022,2161.45,2121.00,2.42%
23 Jun 2022,2110.35,2105.00,1.01%
22 Jun 2022,2089.20,2149.95,-3.36%
21 Jun 2022,2161.80,2100.00,3.94%
20 Jun 2022,2079.85,2107.30,-0.76%
17 Jun 2022,2095.80,2062.00,0.61%
16 Jun 2022,2083.00,2205.00,-4.65%
15 Jun 2022,2184.60,2218.40,-0.54%
14 Jun 2022,2196.45,2274.00,5.61%
13 Jun 2022,2079.75,2172.50,-5.60%
10 Jun 2022,2203.10,2190.00,-0.73%
09 Jun 2022,2219.20,2160.30,1.93%
08 Jun 2022,2177.20,2244.95,-2.26%
07 Jun 2022,2227.55,2210.00,0.11%
06 Jun 2022,2225.05,2188.50,1.60%
03 Jun 2022,2190.00,2235.00,-0.88%
02 Jun 2022,2209.40,2155.00,2.72%
01 Jun 2022,2150.90,2169.95,-0.77%
31 May 2022,2167.55,2160.00,0.09%
30 May 2022,2165.65,2120.00,4.11%
27 May 2022,2080.15,2080.00,1.65%
26 May 2022,2046.40,2077.00,-1.34%
25 May 2022,2074.15,2168.00,-3.98%
24 May 2022,2160.20,2161.00,-0.48%
23 May 2022,2170.65,2231.75,-2.20%
20 May 2022,2219.55,2159.00,4.96%
19 May 2022,2114.75,2145.00,-3.04%
18 May 2022,2181.10,2199.70,-0.17%
17 May 2022,2184.85,2133.05,3.75%
16 May 2022,2105.90,2082.65,2.52%
13 May 2022,2054.15,2084.50,0.44%
12 May 2022,2045.20,2103.00,-3.50%
11 May 2022,2119.30,2109.60,0.46%
10 May 2022,2109.50,2190.00,-4.01%
09 May 2022,2197.65,2229.50,-2.23%
06 May 2022,2247.70,2210.00,-0.34%
05 May 2022,2255.40,2270.00,0.07%
04 May 2022,2253.80,2358.70,-3.66%
02 May 2022,2339.50,2325.00,0.32%
29 Apr 2022,2332.00,2389.00,-1.96%
28 Apr 2022,2378.55,2359.85,1.90%
27 Apr 2022,2334.10,2404.95,-2.56%
26 Apr 2022,2395.30,2297.00,4.86%
25 Apr 2022,2284.20,2259.95,0.48%
22 Apr 2022,2273.30,2297.00,-0.57%
21 Apr 2022,2286.35,2216.00,4.69%
20 Apr 2022,2183.95,2178.00,0.72%
19 Apr 2022,2168.30,2245.00,-2.93%
18 Apr 2022,2233.85,2179.80,1.56%
13 Apr 2022,2199.45,2210.00,0.11%
12 Apr 2022,2196.95,2188.00,0.77%
11 Apr 2022,2180.20,2181.85,0.43%
08 Apr 2022,2170.95,2115.00,3.43%
07 Apr 2022,2099.05,2165.95,-2.82%
06 Apr 2022,2160.00,2153.75,0.94%
05 Apr 2022,2139.85,2078.00,3.58%
04 Apr 2022,2065.85,2050.00,1.09%
01 Apr 2022,2043.65,2018.00,1.43%
31 Mar 2022,2014.75,2005.00,0.98%
30 Mar 2022,1995.25,1927.70,4.07%
29 Mar 2022,1917.25,1919.25,0.40%
28 Mar 2022,1909.70,1876.90,2.29%
25 Mar 2022,1867.00,1835.55,1.87%
24 Mar 2022,1832.80,1815.00,1.20%
23 Mar 2022,1811.00,1848.05,-1.12%
22 Mar 2022,1831.55,1802.95,1.59%
21 Mar 2022,1802.95,1836.05,-0.92%
17 Mar 2022,1819.65,1775.60,3.51%
16 Mar 2022,1758.00,1724.00,3.33%
15 Mar 2022,1701.40,1740.00,-2.00%
14 Mar 2022,1736.10,1732.00,0.12%
11 Mar 2022,1734.10,1750.00,-0.50%
10 Mar 2022,1742.85,1682.00,5.21%
09 Mar 2022,1656.55,1609.60,3.43%
08 Mar 2022,1601.60,1574.90,2.40%
07 Mar 2022,1564.05,1590.00,-3.15%
04 Mar 2022,1615.00,1621.80,-1.75%
03 Mar 2022,1643.80,1670.00,0.12%
02 Mar 2022,1641.80,1638.00,-0.16%
28 Feb 2022,1644.45,1603.75,1.59%
25 Feb 2022,1618.70,1594.00,4.84%
24 Feb 2022,1543.95,1626.00,-8.57%
23 Feb 2022,1688.70,1682.00,1.26%
22 Feb 2022,1667.70,1636.10,-1.04%
21 Feb 2022,1685.20,1738.80,-2.94%
18 Feb 2022,1736.30,1739.00,0.31%
17 Feb 2022,1730.95,1750.00,-0.41%
16 Feb 2022,1738.10,1744.25,-0.35%
15 Feb 2022,1744.25,1636.00,4.83%
14 Feb 2022,1663.95,1736.30,-5.69%
11 Feb 2022,1764.30,1764.00,-1.22%
10 Feb 2022,1786.10,1799.00,0.17%
09 Feb 2022,1783.15,1724.60,3.91%
08 Feb 2022,1716.00,1739.40,-0.91%
07 Feb 2022,1731.80,1765.00,-1.45%
04 Feb 2022,1757.30,1758.00,0.31%
03 Feb 2022,1751.85,1771.95,-1.55%
02 Feb 2022,1779.35,1755.00,1.86%
01 Feb 2022,1746.90,1727.95,1.86%
31 Jan 2022,1714.95,1708.95,1.25%
28 Jan 2022,1693.70,1702.50,0.46%
27 Jan 2022,1686.00,1718.00,-3.18%
25 Jan 2022,1741.40,1668.00,1.49%
24 Jan 2022,1715.80,1822.00,-6.16%
21 Jan 2022,1828.35,1860.85,-2.01%
20 Jan 2022,1865.85,1855.00,0.89%
19 Jan 2022,1849.30,1839.80,0.45%
18 Jan 2022,1840.95,1885.00,-1.96%
17 Jan 2022,1877.80,1876.00,0.40%
14 Jan 2022,1870.25,1850.00,0.91%
13 Jan 2022,1853.35,1834.00,1.27%
12 Jan 2022,1830.10,1873.00,-0.75%
11 Jan 2022,1843.90,1758.00,5.21%
10 Jan 2022,1752.60,1707.55,3.15%
07 Jan 2022,1699.10,1719.90,-0.82%
06 Jan 2022,1713.10,1710.00,-0.14%
05 Jan 2022,1715.45,1722.00,-0.21%
04 Jan 2022,1719.00,1725.75,0.11%
03 Jan 2022,1717.15,1713.00,0.45%
31 Dec 2021,1709.45,1694.95,0.77%
30 Dec 2021,1696.40,1714.00,-1.26%
29 Dec 2021,1718.05,1751.00,-1.88%
28 Dec 2021,1751.00,1740.00,1.20%
27 Dec 2021,1730.20,1694.75,1.88%
24 Dec 2021,1698.20,1680.00,1.31%
23 Dec 2021,1676.20,1674.70,1.09%
22 Dec 2021,1658.10,1631.25,2.32%
21 Dec 2021,1620.50,1621.10,1.92%
20 Dec 2021,1589.95,1629.00,-3.36%
17 Dec 2021,1645.30,1698.95,-3.33%
16 Dec 2021,1702.05,1707.30,0.40%
15 Dec 2021,1695.30,1720.00,-1.44%
14 Dec 2021,1720.10,1712.00,0.03%
13 Dec 2021,1719.55,1755.00,-1.20%
10 Dec 2021,1740.40,1710.60,1.05%
09 Dec 2021,1722.25,1725.00,0.39%
08 Dec 2021,1715.50,1679.80,2.21%
07 Dec 2021,1678.45,1658.90,2.00%
06 Dec 2021,1645.60,1710.00,-3.66%
03 Dec 2021,1708.10,1734.00,-1.39%
02 Dec 2021,1732.25,1692.50,2.30%
01 Dec 2021,1693.30,1694.00,1.83%
30 Nov 2021,1662.85,1668.00,-0.13%
29 Nov 2021,1665.05,1655.00,-0.27%
26 Nov 2021,1669.55,1740.00,-5.30%
25 Nov 2021,1763.05,1762.95,0.45%
24 Nov 2021,1755.15,1721.60,2.76%
23 Nov 2021,1707.95,1660.15,1.92%
22 Nov 2021,1675.75,1691.40,-0.77%
18 Nov 2021,1688.75,1708.00,-1.04%
17 Nov 2021,1706.45,1714.00,-0.30%
16 Nov 2021,1711.60,1759.45,-2.17%
15 Nov 2021,1749.55,1713.75,2.60%
12 Nov 2021,1705.20,1678.30,2.42%
11 Nov 2021,1664.90,1650.00,0.55%
10 Nov 2021,1655.85,1625.55,1.25%
09 Nov 2021,1635.45,1555.00,4.29%
08 Nov 2021,1568.25,1495.00,5.29%
04 Nov 2021,1489.45,1495.00,0.24%
03 Nov 2021,1485.90,1474.00,0.89%
02 Nov 2021,1472.80,1455.00,1.90%
01 Nov 2021,1445.30,1436.00,1.52%
29 Oct 2021,1423.60,1400.00,1.79%
28 Oct 2021,1398.55,1550.00,-10.72%
27 Oct 2021,1566.55,1548.00,1.47%
26 Oct 2021,1543.85,1532.00,0.76%
25 Oct 2021,1532.20,1545.00,-0.70%
22 Oct 2021,1543.00,1595.05,-3.26%
21 Oct 2021,1595.05,1601.95,0.34%
20 Oct 2021,1589.70,1574.00,1.29%
19 Oct 2021,1569.45,1625.20,-2.85%
18 Oct 2021,1615.50,1672.95,-1.87%
14 Oct 2021,1646.35,1580.00,4.88%
13 Oct 2021,1569.70,1568.45,0.98%
12 Oct 2021,1554.45,1539.00,0.95%
11 Oct 2021,1539.75,1553.00,-0.53%
08 Oct 2021,1547.90,1522.00,1.79%
07 Oct 2021,1520.75,1502.85,2.78%
06 Oct 2021,1479.55,1529.80,-3.15%
05 Oct 2021,1527.65,1515.00,0.07%
04 Oct 2021,1526.65,1471.00,4.66%
01 Oct 2021,1458.70,1465.00,-0.64%
30 Sep 2021,1468.10,1484.70,-1.18%
29 Sep 2021,1485.65,1466.30,-0.11%
28 Sep 2021,1487.30,1557.00,-2.87%
27 Sep 2021,1531.25,1462.00,4.76%
24 Sep 2021,1461.70,1483.00,-0.86%
23 Sep 2021,1474.35,1453.00,2.55%
22 Sep 2021,1437.75,1435.00,-0.26%
21 Sep 2021,1441.45,1420.00,1.59%
20 Sep 2021,1418.85,1464.90,-4.15%
17 Sep 2021,1480.25,1503.20,-1.53%
16 Sep 2021,1503.20,1523.00,-0.90%
15 Sep 2021,1516.80,1524.00,0.24%
14 Sep 2021,1513.20,1539.90,-1.26%
13 Sep 2021,1532.45,1548.00,-0.81%
09 Sep 2021,1545.00,1561.60,-0.70%
08 Sep 2021,1555.95,1559.90,-0.14%
07 Sep 2021,1558.10,1585.10,-1.51%
06 Sep 2021,1582.00,1572.00,1.05%
03 Sep 2021,1565.55,1578.50,-0.32%
02 Sep 2021,1570.55,1571.00,0.34%
01 Sep 2021,1565.20,1594.90,-1.41%
31 Aug 2021,1587.60,1517.30,4.68%
30 Aug 2021,1516.55,1513.75,0.70%
27 Aug 2021,1506.05,1475.00,2.06%
26 Aug 2021,1475.70,1482.00,0.02%
25 Aug 2021,1475.35,1444.25,2.61%
24 Aug 2021,1437.80,1407.00,2.94%
23 Aug 2021,1396.70,1415.05,-2.34%
20 Aug 2021,1430.10,1438.00,-2.05%
18 Aug 2021,1460.00,1441.90,1.27%
17 Aug 2021,1441.65,1431.00,0.81%
16 Aug 2021,1430.10,1431.50,-0.48%
13 Aug 2021,1437.00,1445.00,-0.41%
12 Aug 2021,1442.90,1443.60,0.41%
11 Aug 2021,1437.05,1455.00,-0.65%
10 Aug 2021,1446.50,1488.00,-3.14%
09 Aug 2021,1493.40,1546.70,-2.81%
06 Aug 2021,1536.65,1422.00,7.28%
05 Aug 2021,1432.35,1428.00,0.20%
04 Aug 2021,1429.55,1460.00,-0.92%
03 Aug 2021,1442.80,1467.00,0.32%
02 Aug 2021,1438.20,1435.00,1.26%
30 Jul 2021,1420.25,1409.50,1.43%
29 Jul 2021,1400.25,1413.95,0.03%
28 Jul 2021,1399.90,1406.85,0.23%
27 Jul 2021,1396.75,1403.90,-0.51%
26 Jul 2021,1403.90,1399.80,0.16%
23 Jul 2021,1401.65,1430.00,-1.07%
22 Jul 2021,1416.75,1375.00,3.74%
20 Jul 2021,1365.70,1340.00,-1.08%
19 Jul 2021,1380.60,1390.00,-1.07%
16 Jul 2021,1395.50,1409.00,-0.88%
15 Jul 2021,1407.95,1399.00,0.42%
14 Jul 2021,1402.05,1449.00,-1.10%
13 Jul 2021,1417.70,1433.00,-0.21%
12 Jul 2021,1420.70,1442.00,-0.74%
09 Jul 2021,1431.35,1425.90,0.38%
08 Jul 2021,1425.90,1420.00,0.02%
07 Jul 2021,1425.65,1420.00,0.77%
06 Jul 2021,1414.80,1400.90,1.47%
05 Jul 2021,1394.35,1427.00,-1.95%
02 Jul 2021,1422.05,1490.25,-4.58%
01 Jul 2021,1490.25,1509.55,-1.15%
30 Jun 2021,1507.55,1539.00,-1.05%
29 Jun 2021,1523.55,1526.00,-0.14%
28 Jun 2021,1525.75,1524.90,0.41%
25 Jun 2021,1519.45,1525.00,0.73%
24 Jun 2021,1508.50,1509.95,0.25%
23 Jun 2021,1504.75,1560.10,-2.39%
22 Jun 2021,1541.60,1554.05,0.10%
21 Jun 2021,1540.00,1490.00,3.53%
18 Jun 2021,1487.50,1350.00,8.76%
17 Jun 2021,1367.70,1380.00,-5.57%
16 Jun 2021,1448.30,1510.00,-5.88%
15 Jun 2021,1538.85,1550.95,2.49%
14 Jun 2021,1501.45,1441.45,-6.25%
11 Jun 2021,1601.60,1615.10,-0.65%
10 Jun 2021,1612.00,1612.00,1.09%
09 Jun 2021,1594.65,1640.00,-2.55%
08 Jun 2021,1636.45,1633.00,0.75%
07 Jun 2021,1624.30,1715.00,-4.51%
04 Jun 2021,1700.95,1605.00,7.44%
03 Jun 2021,1583.10,1564.00,2.35%
02 Jun 2021,1546.75,1425.55,9.21%
01 Jun 2021,1416.25,1319.90,7.59%
31 May 2021,1316.30,1307.05,1.05%
28 May 2021,1302.60,1311.60,-1.75%
27 May 2021,1325.80,1329.50,0.23%
26 May 2021,1322.80,1288.95,3.12%
25 May 2021,1282.75,1314.35,-1.84%
24 May 2021,1306.80,1321.70,-0.63%
21 May 2021,1315.10,1320.00,1.01%
20 May 2021,1302.00,1301.30,0.56%
19 May 2021,1294.70,1350.00,-2.41%
18 May 2021,1326.70,1314.95,2.92%
17 May 2021,1289.10,1230.00,5.63%
14 May 2021,1220.35,1300.00,-5.09%
12 May 2021,1285.80,1311.00,-1.36%
11 May 2021,1303.50,1292.00,-0.05%
10 May 2021,1304.10,1294.90,0.40%
07 May 2021,1298.90,1305.00,0.94%
06 May 2021,1286.75,1272.35,1.52%
05 May 2021,1267.50,1274.40,0.40%
04 May 2021,1262.50,1285.00,0.55%
03 May 2021,1255.55,1145.10,8.36%
30 Apr 2021,1158.70,1171.00,-2.00%
29 Apr 2021,1182.30,1196.55,-0.24%
28 Apr 2021,1185.20,1207.95,-0.50%
27 Apr 2021,1191.15,1184.70,1.52%
26 Apr 2021,1173.35,1160.00,1.36%
23 Apr 2021,1157.60,1161.00,-0.02%
22 Apr 2021,1157.80,1134.00,1.32%
20 Apr 2021,1142.75,1156.85,0.56%
19 Apr 2021,1136.35,1100.00,-1.95%
16 Apr 2021,1159.00,1130.00,2.57%
15 Apr 2021,1129.95,1095.00,2.13%
13 Apr 2021,1106.35,1077.00,2.97%
12 Apr 2021,1074.40,1177.40,-10.57%
09 Apr 2021,1201.40,1163.40,3.35%
08 Apr 2021,1162.50,1162.50,-0.26%
07 Apr 2021,1165.55,1233.40,-4.88%
06 Apr 2021,1225.40,1153.40,7.66%
05 Apr 2021,1138.25,1127.00,2.80%
01 Apr 2021,1107.20,1043.40,7.38%
31 Mar 2021,1031.15,1038.00,-0.04%
30 Mar 2021,1031.55,1004.00,4.38%
26 Mar 2021,988.30,1000.00,0.69%
25 Mar 2021,981.55,1032.95,-4.28%
24 Mar 2021,1025.45,1063.00,-3.11%
23 Mar 2021,1058.40,999.00,6.80%
22 Mar 2021,991.05,892.90,11.40%
19 Mar 2021,889.65,866.00,2.14%
18 Mar 2021,871.05,876.00,-0.33%
17 Mar 2021,873.90,898.00,-2.66%
16 Mar 2021,897.80,900.70,0.18%
15 Mar 2021,896.20,898.75,0.23%
12 Mar 2021,894.10,905.00,-0.45%
10 Mar 2021,898.15,911.00,-0.78%
09 Mar 2021,905.20,918.00,-0.55%
08 Mar 2021,910.20,918.10,0.03%
05 Mar 2021,909.90,918.00,-0.93%
04 Mar 2021,918.40,910.00,0.33%
03 Mar 2021,915.35,880.45,4.91%
02 Mar 2021,872.55,857.40,2.47%
01 Mar 2021,851.50,840.75,2.14%
26 Feb 2021,833.65,833.90,-1.17%
25 Feb 2021,843.50,814.00,4.76%
24 Feb 2021,805.20,806.00,0.69%
23 Feb 2021,799.65,814.80,-0.78%
22 Feb 2021,805.90,786.00,3.07%
19 Feb 2021,781.90,813.00,-3.25%
18 Feb 2021,808.20,787.25,2.90%
17 Feb 2021,785.45,787.15,0.67%
16 Feb 2021,780.20,760.00,2.19%
15 Feb 2021,763.45,725.00,6.19%
12 Feb 2021,718.95,657.00,9.16%
11 Feb 2021,658.60,654.00,1.21%
10 Feb 2021,650.70,633.05,3.31%
09 Feb 2021,629.85,631.45,0.25%
08 Feb 2021,628.30,605.40,5.53%
05 Feb 2021,595.35,595.00,0.96%
04 Feb 2021,589.70,561.95,4.08%
03 Feb 2021,566.60,568.00,0.43%
02 Feb 2021,564.20,542.05,5.03%
01 Feb 2021,537.20,510.50,6.03%
29 Jan 2021,506.65,515.20,-1.02%
28 Jan 2021,511.85,507.30,-0.19%
27 Jan 2021,512.80,513.10,-0.21%
25 Jan 2021,513.90,530.25,-2.45%
22 Jan 2021,526.80,534.05,-1.88%
21 Jan 2021,536.90,551.40,-1.80%
20 Jan 2021,546.75,532.15,3.14%
19 Jan 2021,530.10,512.30,4.38%
18 Jan 2021,507.85,528.00,-3.69%
15 Jan 2021,527.30,534.70,-0.90%
14 Jan 2021,532.10,534.95,-0.74%
13 Jan 2021,536.05,529.10,2.03%
12 Jan 2021,525.40,519.00,1.20%
11 Jan 2021,519.15,520.60,0.22%
08 Jan 2021,518.00,523.00,-0.02%
07 Jan 2021,518.10,493.90,5.54%
06 Jan 2021,490.90,496.00,-0.71%
05 Jan 2021,494.40,492.00,-0.02%
04 Jan 2021,494.50,492.00,0.68%
01 Jan 2021,491.15,477.00,2.42%
31 Dec 2020,479.55,481.00,-0.95%
30 Dec 2020,484.15,489.20,-1.03%
29 Dec 2020,489.20,492.00,-0.34%
28 Dec 2020,490.85,473.00,3.63%
24 Dec 2020,473.65,465.00,2.17%
23 Dec 2020,463.60,458.00,1.05%
22 Dec 2020,458.80,428.20,6.90%
21 Dec 2020,429.20,454.00,-5.70%
18 Dec 2020,455.15,461.00,-0.90%
17 Dec 2020,459.30,463.40,-0.85%
16 Dec 2020,463.25,462.50,0.17%
15 Dec 2020,462.45,455.50,1.60%
14 Dec 2020,455.15,451.00,1.19%
11 Dec 2020,449.80,447.25,0.57%
10 Dec 2020,447.25,448.00,-0.41%
09 Dec 2020,449.10,454.00,-0.62%
08 Dec 2020,451.90,457.55,-1.23%
07 Dec 2020,457.55,446.00,2.60%
04 Dec 2020,445.95,449.00,-0.36%
03 Dec 2020,447.55,453.75,-1.37%
02 Dec 2020,453.75,420.55,7.55%
01 Dec 2020,421.90,398.00,5.90%
27 Nov 2020,398.40,401.00,-0.88%
26 Nov 2020,401.95,402.80,0.68%
25 Nov 2020,399.25,408.95,-1.95%
24 Nov 2020,407.20,409.90,-0.45%
23 Nov 2020,409.05,390.10,5.34%
20 Nov 2020,388.30,385.10,0.66%
19 Nov 2020,385.75,390.00,-2.22%
18 Nov 2020,394.50,393.95,0.05%
17 Nov 2020,394.30,372.00,6.21%
14 Nov 2020,371.25,369.80,0.72%
13 Nov 2020,368.60,364.00,0.83%
12 Nov 2020,365.55,358.20,1.51%
11 Nov 2020,360.10,359.20,0.17%
10 Nov 2020,359.50,358.10,0.45%
09 Nov 2020,357.90,354.00,1.65%
06 Nov 2020,352.10,352.00,-0.18%
05 Nov 2020,352.75,353.00,0.26%
04 Nov 2020,351.85,342.60,2.04%
03 Nov 2020,344.80,344.00,1.08%
02 Nov 2020,341.10,339.10,0.41%
30 Oct 2020,339.70,331.05,3.28%
29 Oct 2020,328.90,315.40,3.15%
28 Oct 2020,318.85,313.80,1.53%
27 Oct 2020,314.05,308.00,2.16%
26 Oct 2020,307.40,318.00,-2.55%
23 Oct 2020,315.45,314.00,1.27%
22 Oct 2020,311.50,311.00,-0.16%
21 Oct 2020,312.00,322.00,-3.08%
20 Oct 2020,321.90,315.30,1.56%
19 Oct 2020,316.95,309.90,3.24%
16 Oct 2020,307.00,309.25,-0.03%
15 Oct 2020,307.10,315.00,-2.01%
14 Oct 2020,313.40,312.95,0.06%
13 Oct 2020,313.20,315.50,-0.68%
12 Oct 2020,315.35,315.00,0.75%
09 Oct 2020,313.00,318.80,-1.03%
08 Oct 2020,316.25,329.00,-4.20%
07 Oct 2020,330.10,325.15,0.90%
06 Oct 2020,327.15,329.40,0.17%
05 Oct 2020,326.60,311.50,5.99%
01 Oct 2020,308.15,299.80,3.72%
30 Sep 2020,297.10,300.00,-0.27%
29 Sep 2020,297.90,299.90,0.74%
28 Sep 2020,295.70,283.10,5.49%
25 Sep 2020,280.30,275.90,3.64%
24 Sep 2020,270.45,277.95,-4.62%
23 Sep 2020,283.55,283.95,1.12%
22 Sep 2020,280.40,278.25,1.19%
21 Sep 2020,277.10,293.00,-4.96%
18 Sep 2020,291.55,297.60,-0.73%
17 Sep 2020,293.70,295.00,-1.14%
16 Sep 2020,297.10,292.70,2.96%
15 Sep 2020,288.55,294.90,-1.57%
14 Sep 2020,293.15,301.80,-0.96%
11 Sep 2020,296.00,299.00,-0.77%
10 Sep 2020,298.30,287.65,5.39%
09 Sep 2020,283.05,276.90,1.93%
08 Sep 2020,277.70,286.00,-2.65%
07 Sep 2020,285.25,285.15,0.04%
04 Sep 2020,285.15,284.00,-2.09%
03 Sep 2020,291.25,294.75,-0.61%
02 Sep 2020,293.05,283.00,4.25%
01 Sep 2020,281.10,279.95,0.55%
31 Aug 2020,279.55,290.00,-3.02%
28 Aug 2020,288.25,289.00,0.54%
27 Aug 2020,286.70,284.90,0.40%
26 Aug 2020,285.55,299.00,-7.15%
25 Aug 2020,307.55,252.00,23.66%
24 Aug 2020,248.70,236.00,6.58%
21 Aug 2020,233.35,237.10,-0.28%
20 Aug 2020,234.00,241.20,-2.32%
19 Aug 2020,239.55,214.25,12.10%
18 Aug 2020,213.70,200.00,8.04%
17 Aug 2020,197.80,197.40,0.82%
14 Aug 2020,196.20,202.40,-2.27%
13 Aug 2020,200.75,198.90,1.54%
12 Aug 2020,197.70,195.80,0.94%
11 Aug 2020,195.85,196.00,0.08%
10 Aug 2020,195.70,192.90,1.45%
07 Aug 2020,192.90,181.05,3.74%
06 Aug 2020,185.95,180.10,3.54%
05 Aug 2020,179.60,183.00,-1.37%
04 Aug 2020,182.10,174.00,5.72%
03 Aug 2020,172.25,175.25,-1.71%
31 Jul 2020,175.25,174.00,0.11%
30 Jul 2020,175.05,179.20,-2.26%
29 Jul 2020,179.10,174.00,3.20%
28 Jul 2020,173.55,166.30,4.58%
27 Jul 2020,165.95,168.65,-1.66%
24 Jul 2020,168.75,167.40,-0.71%
23 Jul 2020,169.95,168.35,0.32%
22 Jul 2020,169.40,167.00,1.26%
21 Jul 2020,167.30,161.45,4.11%
20 Jul 2020,160.70,153.15,6.00%
17 Jul 2020,151.60,149.75,1.81%
16 Jul 2020,148.90,148.10,0.78%
15 Jul 2020,147.75,150.10,-1.34%
14 Jul 2020,149.75,155.90,-4.04%
13 Jul 2020,156.05,161.45,-2.29%
10 Jul 2020,159.70,161.50,-1.87%
09 Jul 2020,162.75,163.00,-0.15%
08 Jul 2020,163.00,168.00,-3.06%
07 Jul 2020,168.15,164.50,2.41%
06 Jul 2020,164.20,161.95,2.62%
03 Jul 2020,160.00,160.00,1.14%
02 Jul 2020,158.20,159.80,0.35%
01 Jul 2020,157.65,157.15,0.90%
30 Jun 2020,156.25,161.40,-2.19%
29 Jun 2020,159.75,161.40,-1.48%
26 Jun 2020,162.15,164.00,0.31%
25 Jun 2020,161.65,153.25,4.43%
24 Jun 2020,154.80,159.10,-1.53%
23 Jun 2020,157.20,157.00,1.65%
22 Jun 2020,154.65,154.50,1.28%
19 Jun 2020,152.70,149.60,3.28%
18 Jun 2020,147.85,146.70,0.48%
17 Jun 2020,147.15,145.00,0.65%
16 Jun 2020,146.20,153.50,-2.04%
15 Jun 2020,149.25,151.80,-2.00%
12 Jun 2020,152.30,144.00,0.33%
11 Jun 2020,151.80,151.85,-0.03%
10 Jun 2020,151.85,152.75,-0.03%
09 Jun 2020,151.90,154.20,-0.49%
08 Jun 2020,152.65,155.60,0.13%
05 Jun 2020,152.45,148.90,3.01%
04 Jun 2020,148.00,150.50,-1.76%
03 Jun 2020,150.65,151.75,0.47%
02 Jun 2020,149.95,151.00,-0.37%
01 Jun 2020,150.50,150.00,1.45%
29 May 2020,148.35,141.10,4.00%
28 May 2020,142.65,141.70,1.17%
27 May 2020,141.00,139.75,1.08%
26 May 2020,139.50,139.00,1.01%
22 May 2020,138.10,138.00,-0.14%
21 May 2020,138.30,142.20,-2.16%
20 May 2020,141.35,139.50,1.18%
19 May 2020,139.70,137.80,2.80%
18 May 2020,135.90,144.80,-3.65%
15 May 2020,141.05,141.40,0.11%
14 May 2020,140.90,139.55,-0.18%
13 May 2020,141.15,145.00,0.89%
12 May 2020,139.90,138.50,-0.11%
11 May 2020,140.05,137.85,2.11%
08 May 2020,137.15,136.90,1.67%
07 May 2020,134.90,131.10,1.24%
06 May 2020,133.25,133.65,0.41%
05 May 2020,132.70,135.00,0.87%
04 May 2020,131.55,136.90,-6.97%
30 Apr 2020,141.40,141.45,1.36%
29 Apr 2020,139.50,140.00,0.14%
28 Apr 2020,139.30,135.95,3.49%
27 Apr 2020,134.60,136.40,-0.04%
24 Apr 2020,134.65,137.15,-4.16%
23 Apr 2020,140.50,140.50,2.11%
22 Apr 2020,137.60,136.00,1.21%
21 Apr 2020,135.95,143.00,-7.33%
20 Apr 2020,146.70,146.00,1.95%
17 Apr 2020,143.90,146.95,0.42%
16 Apr 2020,143.30,142.00,-1.34%
15 Apr 2020,145.25,148.05,-0.51%
13 Apr 2020,146.00,142.00,2.49%
09 Apr 2020,142.45,140.00,3.15%
08 Apr 2020,138.10,136.85,-0.04%
07 Apr 2020,138.15,131.00,7.05%
03 Apr 2020,129.05,134.00,-3.66%
01 Apr 2020,133.95,138.95,-2.65%
31 Mar 2020,137.60,131.70,6.92%
30 Mar 2020,128.70,124.00,0.55%
27 Mar 2020,128.00,146.00,-8.73%
26 Mar 2020,140.25,135.00,6.01%
25 Mar 2020,132.30,126.00,1.50%
24 Mar 2020,130.35,125.00,7.82%
23 Mar 2020,120.90,123.05,-12.20%
20 Mar 2020,137.70,138.00,6.83%
19 Mar 2020,128.90,121.00,-1.00%
18 Mar 2020,130.20,135.90,-2.40%
17 Mar 2020,133.40,135.70,-0.97%
16 Mar 2020,134.70,141.00,-9.45%
13 Mar 2020,148.75,145.95,-8.26%
12 Mar 2020,162.15,180.10,-17.16%
11 Mar 2020,195.75,197.40,-1.98%
09 Mar 2020,199.70,207.00,-7.01%
06 Mar 2020,214.75,215.10,-3.16%
05 Mar 2020,221.75,223.75,0.29%
04 Mar 2020,221.10,226.10,-2.06%
03 Mar 2020,225.75,221.00,3.27%
02 Mar 2020,218.60,223.00,-0.02%
28 Feb 2020,218.65,221.00,-6.62%
27 Feb 2020,234.15,241.45,-3.56%
26 Feb 2020,242.80,244.00,-1.48%
25 Feb 2020,246.45,249.80,-0.32%
24 Feb 2020,247.25,254.80,-4.41%
20 Feb 2020,258.65,253.20,1.83%
19 Feb 2020,254.00,250.00,1.82%
18 Feb 2020,249.45,251.65,-1.21%
17 Feb 2020,252.50,256.90,-1.42%
14 Feb 2020,256.15,252.50,1.87%
13 Feb 2020,251.45,249.80,0.70%
12 Feb 2020,249.70,245.90,1.79%
11 Feb 2020,245.30,245.20,0.33%
10 Feb 2020,244.50,239.50,2.09%
07 Feb 2020,239.50,236.40,1.27%
06 Feb 2020,236.50,237.40,0.11%
05 Feb 2020,236.25,226.75,4.79%
04 Feb 2020,225.45,222.65,2.06%
03 Feb 2020,220.90,221.70,-0.85%
01 Feb 2020,222.80,228.00,-2.90%
31 Jan 2020,229.45,231.00,-0.89%
30 Jan 2020,231.50,232.30,-0.34%
29 Jan 2020,232.30,231.70,1.04%
28 Jan 2020,229.90,232.25,-0.28%
27 Jan 2020,230.55,229.50,0.35%
24 Jan 2020,229.75,225.50,0.07%
23 Jan 2020,229.60,226.00,1.64%
22 Jan 2020,225.90,224.80,0.74%
21 Jan 2020,224.25,224.35,-1.02%
20 Jan 2020,226.55,229.55,-0.81%
17 Jan 2020,228.40,216.00,3.82%
16 Jan 2020,220.00,217.70,1.57%
15 Jan 2020,216.60,214.50,1.05%
14 Jan 2020,214.35,213.45,0.35%
13 Jan 2020,213.60,210.65,2.15%
10 Jan 2020,209.10,208.00,0.53%
09 Jan 2020,208.00,201.90,3.23%
08 Jan 2020,201.50,201.00,-1.25%
07 Jan 2020,204.05,200.55,2.26%
06 Jan 2020,199.55,207.75,-4.20%
03 Jan 2020,208.30,210.25,-1.37%
02 Jan 2020,211.20,208.00,1.61%
01 Jan 2020,207.85,209.00,-0.24%
31 Dec 2019,208.35,208.70,-0.14%
30 Dec 2019,208.65,209.90,-0.22%
27 Dec 2019,209.10,209.05,0.07%
26 Dec 2019,208.95,208.95,-0.10%
24 Dec 2019,209.15,214.55,-2.52%
23 Dec 2019,214.55,217.75,-1.94%
20 Dec 2019,218.80,210.00,3.92%
19 Dec 2019,210.55,207.65,1.15%
18 Dec 2019,208.15,211.80,-1.44%
17 Dec 2019,211.20,210.50,0.33%
16 Dec 2019,210.50,212.10,-0.80%
13 Dec 2019,212.20,210.50,0.86%
12 Dec 2019,210.40,206.90,2.06%
11 Dec 2019,206.15,203.10,0.95%
10 Dec 2019,204.20,207.45,-1.57%
09 Dec 2019,207.45,205.90,0.46%
06 Dec 2019,206.50,208.45,-0.91%
05 Dec 2019,208.40,213.00,-1.91%
04 Dec 2019,212.45,205.80,2.21%
03 Dec 2019,207.85,208.00,-0.55%
02 Dec 2019,209.00,212.00,-2.75%
29 Nov 2019,214.90,212.40,0.84%
28 Nov 2019,213.10,212.80,-0.21%
27 Nov 2019,213.55,209.90,1.40%
26 Nov 2019,210.60,214.75,-2.14%
25 Nov 2019,215.20,201.90,5.78%
22 Nov 2019,203.45,204.75,-1.00%
21 Nov 2019,205.50,206.90,-0.10%
20 Nov 2019,205.70,198.50,3.00%
19 Nov 2019,199.70,202.00,-0.72%
18 Nov 2019,201.15,203.80,-1.20%
15 Nov 2019,203.60,202.00,0.64%
14 Nov 2019,202.30,196.25,2.07%
13 Nov 2019,198.20,209.00,-6.00%
11 Nov 2019,210.85,206.95,1.35%
08 Nov 2019,208.05,208.70,-0.53%
07 Nov 2019,209.15,207.90,0.77%
